id,full_name,email,cohort,curriculum,graduation_date,status,date_registered,saved,applied,inContact,interview,offer,hired
46987,Débora Peres Moreno de Souza,pmsdeb.ie@gmail.com,LIS-UXUIFT-Oct2021,UXUI,2021-12-17,Actively Seeking,2022-01-13,13,0,0,0,0,0
46963,Fernando Rocha,fernando.rocha@gmail.com,LIS-UXUIFT-Oct2021,UXUI,2021-12-17,Actively Seeking,2022-01-12,35,34,9,8,1,0
46961,Marta Cacabelos Martínez,marta.cacabelos.mtnez@gmail.com,LIS-UXUIFT-Oct2021,UXUI,2021-12-17,Actively Seeking,2022-01-12,0,0,0,0,0,0
46956,Renato Filipe,renatofilipe1@gmail.com,LIS-DATAFT-Oct2021,Data Analytics,2021-12-17,Actively Seeking,2022-01-11,5,0,0,0,0,0
46946,Milton Correa,miltoncorrea6@gmail.com,LIS-UXUIFT-Oct2021,UXUI,2021-12-17,Actively Seeking,2022-01-10,0,0,0,0,0,0
46943,Judyta Filipkowska,judytafilipkowska@gmail.com,LIS-UXUIFT-Oct2021,UXUI,2021-12-17,Actively Seeking,2022-01-10,71,65,15,4,0,0
46930,Laura Florez,lauraflorezg@gmail.com,LIS-UXUIFT-Oct2021,UXUI,2021-12-17,Actively Seeking,2022-01-10,21,18,9,1,0,0
46929,Diogo Monteiro,diogopratasmonteiro@gmail.com,LIS-WDFT-Oct2021,Web Dev,2021-12-17,Actively Seeking,2022-01-10,0,0,0,0,0,0
46928,David Pereira,dpereira66@outlook.pt,LIS-WDFT-Oct2021,Web Dev,2021-12-17,Actively Seeking,2022-01-10,7,7,4,4,0,0
46927,raul caldeira,raul.c.caldeira@gmail.com,LIS-UXUIFT-Oct2021,UXUI,2021-12-17,Not Seeking,2022-01-10,0,0,0,0,0,0
46926,Karina Freitas,karinaglf@gmail.com,LIS-WDFT-Oct2021,Web Dev,2021-12-17,Hired,2022-01-10,1,1,0,0,0,1
46925,Belen Moran,belenmoran176@gmail.com,LIS-UXUIFT-Oct2021,UXUI,2021-12-17,Actively Seeking,2022-01-10,91,56,4,3,0,0
46924,Fábio Guerreiro,fabio.fernando.guerreiro@gmail.com,LIS-WDFT-Oct2021,Web Dev,2021-12-17,Hired,2022-01-10,24,13,7,5,1,1
46923,Paulo  Ferreira,pauloferreira753@hotmail.com,LIS-WDFT-Oct2021,Web Dev,2021-12-17,Passively Seeking,2022-01-10,5,4,0,0,0,0
46922,Sillas Poulsen,sillaspoulsen@gmail.com,LIS-WDFT-Oct2021,Web Dev,2021-12-17,Actively Seeking,2022-01-10,77,31,7,2,0,0
46920,Giorgi Trapaidze,gio.trapaidze@gmail.com,LIS-WDFT-Oct2021,Web Dev,2021-12-17,Actively Seeking,2022-01-10,0,0,0,0,0,0
46921,José Guedes,guedes.jose@gmail.com,LIS-WDFT-Oct2021,Web Dev,2021-12-17,Actively Seeking,2022-01-10,27,23,3,0,0,0
46919,Anna Roman,ana.roman.fernandez@gmail.com,LIS-UXUIFT-Oct2021,UXUI,2021-12-17,Actively Seeking,2022-01-10,3,1,0,0,0,0
46918,Manuel Wegener,m.wegener94@gmx.de,LIS-WDFT-Oct2021,Web Dev,2021-12-17,Actively Seeking,2022-01-10,69,18,4,3,0,0
46917,Diogo Monteiro,diogopmonteiro_@hotmail.com,LIS-UXUIPT-Mar2021,UXUI,2021-10-22,Actively Seeking,2022-01-10,0,0,0,0,0,0
46909,Joana Louro,joanalouro@outlook.com,LIS-UXUIPT-Mar2021,UXUI,2021-10-22,Actively Seeking,2022-01-05,29,2,2,2,0,0
46894,Raissa Damasceno,raissa.cod@gmail.com,LIS-WDFT-Oct2021,Web Dev,2021-12-17,Actively Seeking,2021-12-21,5,2,1,1,0,0
46893,Beatriz Duarte,anabeaduarte@gmail.com,LIS-UXUIFT-Oct2021,UXUI,2021-12-17,Hired,2021-12-21,17,7,4,2,1,1
46891,Filipe Gardete,fgardete@gmail.com,LIS-DATAFT-Oct2021,Data Analytics,2021-12-17,Actively Seeking,2021-12-21,35,35,0,0,0,0
46875,Clara Vasconcelos,claraeclara@gmail.com,LIS-WDFT-Oct2021,Web Dev,2021-12-17,Hired,2021-12-20,4,2,2,2,0,1
46872,Filipe Costa,fa.pc1995@gmail.com,LIS-DATAFT-Oct2021,Data Analytics,2021-12-17,Passively Seeking,2021-12-20,0,0,0,0,0,0
46868,Gianpiero Fiorino,gianpierofiorino@icloud.com,LIS-UXUIFT-Oct2021,UXUI,2021-12-17,Actively Seeking,2021-12-20,4,0,0,0,0,0
46865,Yuri  Farias,yurisfarias@gmail.com,LIS-WDFT-Oct2021,Web Dev,2021-12-17,Hired,2021-12-20,0,0,0,0,0,1
46864,Anne Dantas,annedantas@gmail.com,LIS-WDFT-Oct2021,Web Dev,2021-12-17,Hired,2021-12-20,30,29,8,6,1,1
46863,Sidnei Andrade,sid.fe.a@gmail.com,LIS-DATAFT-Oct2021,Data Analytics,2021-12-17,Actively Seeking,2021-12-20,5,3,0,0,0,0
46862,Ricardo Franco,ricardofranco14@gmail.com,LIS-WDFT-Oct2021,Web Dev,2021-12-17,Actively Seeking,2021-12-20,9,9,5,1,0,0
46855,Gladys Mawarni,gladysmawarni@gmail.com,LIS-DATAFT-Oct2021,Data Analytics,2021-12-17,Hired,2021-12-20,3,3,0,0,0,1
46853,Thomas Schnabel,thomas.schnabel@gmail.com,LIS-UXUIFT-Oct2021,UXUI,2021-12-17,Not Seeking,2021-12-20,2,1,0,0,0,0
46851,Anthi Ioannou,anthi.ioannou5@gmail.com,LIS-UXUIFT-Oct2021,UXUI,2021-12-17,Actively Seeking,2021-12-20,23,11,0,1,0,0
46846,Maximilian Haut Mayer,mxhmayer@gmail.com,LIS-WDFT-Oct2021,Web Dev,2021-12-17,Actively Seeking,2021-12-20,27,8,3,1,0,0
46836,Stanley Rocha,stanleysrocha@gmail.com,LIS-DATAFT-Oct2021,Data Analytics,2021-12-17,Hired,2021-12-20,86,85,16,9,1,1
46834,Luís Moreira,luisquintelamoreira@gmail.com,LIS-DATAFT-Oct2021,Data Analytics,2021-12-17,Actively Seeking,2021-12-20,39,3,4,1,0,0
46830,Isabelle van Hoorn,ivanhoorn@gmail.com,LIS-DATAFT-Oct2021,Data Analytics,2021-12-17,Actively Seeking,2021-12-20,9,7,3,1,0,0
46815,Pedro Vilela,pedrovilela@msn.com,LIS-UXUIFT-Oct2021,UXUI,2021-12-17,Actively Seeking,2021-12-20,32,15,5,2,0,0
46798,Telma Rosário,telmarrosario@gmail.com,LIS-WDFT-Oct2021,Web Dev,2021-12-17,Hired,2021-12-20,36,34,16,8,0,1
46794,Gonçalo Jardim,goncalodajardim@gmail.com,LIS-DATAFT-Oct2021,Data Analytics,2021-12-17,Actively Seeking,2021-12-20,123,83,22,8,0,0
46785,Luís Araújo,filipe86.luis@gmail.com,LIS-WDFT-Oct2021,Web Dev,2021-12-17,Actively Seeking,2021-12-20,51,46,6,3,0,0
46775,Vanessa Lopes,vanessalopes.uxdesigner@gmail.com,LIS-UXUIPT-Mar2021,UXUI,2021-10-22,Actively Seeking,2021-12-13,15,2,3,0,0,0
46774,Anaísa Faria,anaisagfaria@gmail.com,LIS-UXUIPT-Mar2021,UXUI,2021-10-22,Actively Seeking,2021-12-13,3,1,2,2,0,0
46771,Dragana Martinovic,draganau17@gmail.com,LIS-UXUIPT-Mar2021,UXUI,2021-10-22,Actively Seeking,2021-12-13,29,24,4,1,0,0
46769,Pedro del Rio,pedro@thedelrioux.com,LIS-UXUIPT-Mar2021,UXUI,2021-10-22,Actively Seeking,2021-12-13,185,182,2,2,1,0
46768,Andreia Caeiro,caeiro.andreia@gmail.com,LIS-UXUIPT-Mar2021,UXUI,2021-10-22,Actively Seeking,2021-12-13,13,9,2,1,0,0
46596,Kélian SOMON,kelian.somon@gmail.com,LIS-WDFT-Aug2021,Web Dev,2021-10-08,Hired,2021-10-22,33,22,11,2,0,1
46570,Catarina Pires,catarina.capelapires@gmail.com,LIS-DATAPT-Mar2021,Data Analytics,2021-10-23,Hired,2021-10-18,21,21,2,2,0,1
46569,Thais Camila Ternus,thaisc.ternus@gmail.com,LIS-DATAPT-Mar2021,Data Analytics,2021-10-23,Actively Seeking,2021-10-18,0,0,0,0,0,0
46568,Andrea Marino,andreamarino1987@gmail.com,LIS-DATAPT-Mar2021,Data Analytics,2021-10-23,Actively Seeking,2021-10-18,18,9,2,1,0,0
46567,Rickard Ramhöj,rickard.ramhoj@gmail.com,LIS-DATAPT-Mar2021,Data Analytics,2021-10-23,Not seeking,2021-10-18,3,1,1,0,0,0
46501,Regina Gizatullina,rgizatullina@gmail.com,LIS-UXUIFT-Aug2021,UXUI,2021-10-08,Actively Seeking,2021-10-11,6,1,1,0,0,0
46500,Fernanda  Nardin,fer.m.nardin@gmail.com,LIS-UXUIFT-Aug2021,UXUI,2021-10-08,Actively Seeking,2021-10-11,9,3,2,1,0,0
46490,Linnea Larzon,larzonlinnea@gmail.com,LIS-UXUIFT-Aug2021,UXUI,2021-10-08,Passively Seeking,2021-10-11,6,2,0,0,0,0
46488,Pedro Fernandes,pedlealfernandes@gmail.com,LIS-UXUIFT-Aug2021,UXUI,2021-10-08,Hired,2021-10-11,45,33,7,5,0,1
46485,Paulo Santos,paulo.jorge.ngs@gmail.com,LIS-WDFT-Aug2021,Web Dev,2021-10-08,Hired,2021-10-11,16,15,6,6,0,1
46480,Gregory  Marklew,greg_marklew@hotmail.com,LIS-WDFT-Aug2021,Web Dev,2021-10-08,Hired,2021-10-11,13,11,0,0,0,1
46479,Gonçalo Monteiro,monteiro74@protonmail.com,LIS-WDFT-Aug2021,Web Dev,2021-10-08,Hired,2021-10-11,35,24,11,9,0,1
46474,Michael Dixon,michaelmail7@gmail.com,LIS-WDFT-Aug2021,Web Dev,2021-10-08,Actively Seeking,2021-10-11,95,94,68,2,1,0
46473,João Prates,joaoprates.az@gmail.com,LIS-WDFT-Aug2021,Web Dev,2021-10-08,Actively Seeking,2021-10-11,2,0,0,0,0,0
46470,Guilherme Silva,silva.gsg@gmail.com,LIS-WDFT-Aug2021,Web Dev,2021-10-08,Hired,2021-10-11,34,14,11,10,1,1
46468,Zachary Dive,zjhd201@exeter.ac.uk,LIS-WDFT-Aug2021,Web Dev,2021-10-08,Not Seeking,2021-10-11,0,0,0,0,0,0
46466,João Monteiro,jfcm.monteiro@gmail.com,LIS-WDFT-Aug2021,Web Dev,2021-10-08,Hired,2021-10-11,6,1,0,0,0,1
46465,Catarina Marques,catarina.marques36319@gmail.com,LIS-UXUIFT-Aug2021,UXUI,2021-10-08,Actively Seeking,2021-10-11,75,51,7,4,0,0
46464,Sara Queiros,sara.amorim.queiros@gmail.com,LIS-UXUIFT-Aug2021,UXUI,2021-10-08,Hired,2021-10-11,29,19,5,0,0,1
46462,Ana Correia,apspfc@gmail.com,LIS-WDFT-Aug2021,Web Dev,2021-10-08,Hired,2021-10-11,12,10,2,0,0,0
46457,Nuno Gonçalves,goncalvesnuno00@gmail.com,LIS-WDFT-Aug2021,Web Dev,2021-10-08,Hired,2021-10-11,44,17,11,0,0,1
46455,João Pedrosa,jrcspp@hotmail.com,LIS-WDFT-Aug2021,Web Dev,2021-10-08,Hired,2021-10-11,2,2,2,1,1,1
46452,Laura Josephine Oechel,laura.oechel@gmail.com,LIS-UXUIFT-Aug2021,UXUI,2021-10-08,Hired,2021-10-11,125,58,17,3,0,1
46448,Rosamaria Lucena,rosamaria.lucena@gmail.com,LIS-UXUIFT-Aug2021,UXUI,2021-10-08,Not Seeking,2021-10-11,10,3,1,1,0,0
46446,Angelica Gray,gray.ang3@gmail.com,LIS-UXUIFT-Aug2021,UXUI,2021-10-08,Hired,2021-10-11,163,149,5,3,1,1
46444,Tiago Silva,tiagoalexandresilva.98@gmail.com,LIS-UXUIFT-Aug2021,UXUI,2021-10-08,Hired,2021-10-11,9,9,5,3,1,1
46432,Kara Keddie,kara.keddie@hotmail.com,LIS-UXUIFT-Aug2021,UXUI,2021-10-08,Not Seeking,2021-10-11,0,0,0,0,0,0
46425,Paula Rodrigues,pr.polvo@gmail.com,LIS-UXUIFT-Aug2021,UXUI,2021-10-08,Hired,2021-10-11,1,1,0,0,0,1
46423,Alana Silva,alanaaragao1@gmail.com,LIS-UXUIFT-Aug2021,UXUI,2021-10-08,Hired,2021-10-11,20,5,3,3,0,1
46417,Ana Venâncio,avr.venancio@gmail.com,LIS-UXUIFT-Aug2021,UXUI,2021-10-08,Hired,2021-10-10,93,67,14,8,1,1
46357,André Almeida,andralmeida3@gmail.com,LIS-CSFT-Jun2021,Cybersecurity,2021-09-17,Actively Seeking,2021-09-20,2,1,0,0,0,0
46356,João Gil,joaomiguelnunesgil@gmail.com,LIS-CSFT-Jun2021,Cybersecurity,2021-09-17,Passively Seeking,2021-09-20,22,13,0,0,0,0
46353,Louise  Altvater,louise.altvater@gmail.com,LIS-CSFT-Jun2021,Cybersecurity,2021-09-17,Hired,2021-09-20,48,46,9,6,1,0
46351,Maria do Rosário Exposto,roexposto@gmail.com,LIS-CSFT-Jun2021,Cybersecurity,2021-09-17,Hired,2021-09-20,37,34,5,5,0,0
46346,Francisco Campos,francisco.campos.b@hotmail.com,LIS-CSFT-Jun2021,Cybersecurity,2021-09-17,Hired,2021-09-20,118,118,27,16,1,0
46098,Tiago Seixas,tiagoseixasfonseca@gmail.com,LIS-WDFT-May2021,Web Dev,2021-07-30,Hired,2021-08-02,15,11,9,3,0,0
46094,Jorge Vasco Da Silva Branco,sir_branco@hotmail.fr,LIS-DATAFT-May2021,Data Analytics,2021-07-30,Not Seeking,2021-08-02,10,5,0,0,0,0
46092,Guilherme Pereira,gr.pereira@campus.fct.unl.pt,LIS-DATAFT-May2021,Data Analytics,2021-07-30,Hired,2021-08-02,39,38,8,3,0,0
46082,Danilo Mendes,email@danilomendes.pro,LIS-WDFT-May2021,Web Dev,2021-07-30,Hired,2021-08-02,9,9,2,1,0,0
46069,Lucie Fley,luciefley.daftmay21@gmail.com,LIS-DATAFT-May2021,Data Analytics,2021-07-30,Passively Seeking,2021-08-02,34,25,6,5,1,0
46054,Tiago Pascoa,tiagompascoa@gmail.com,LIS-WDFT-May2021,Web Dev,2021-07-30,Hired,2021-08-02,6,5,2,1,1,1
46053,Joao Fonseca,fonseca.joaopedro@outlook.pt,LIS-WDFT-May2021,Web Dev,2021-07-30,Passively Seeking,2021-08-02,68,67,32,0,0,0
46040,Pedro Garrett,pmcgarrett@gmail.com,LIS-WDFT-May2021,Web Dev,2021-07-30,Hired,2021-08-02,10,6,4,5,0,0
46041,Beatriz Bilrero,bjbilrero@gmail.com,LIS-WDFT-May2021,Web Dev,2021-07-30,Hired,2021-08-02,15,10,11,10,1,1
46033,Joanita Mateus,joanitaduarte@sapo.pt,LIS-DATAFT-May2021,Data Analytics,2021-07-30,Hired,2021-08-02,28,20,8,4,0,1
46025,Victor Silva,vhlsslhv@gmail.com,LIS-WDFT-May2021,Web Dev,2021-07-30,Hired,2021-08-02,4,0,0,0,0,0
46020,margarida pereira,mmargaridareispereira@gmail.com,LIS-WDFT-May2021,Web Dev,2021-07-30,Hired,2021-08-02,13,7,9,9,0,1
46017,João Pedro Bezerra,joaopbbezerra@gmail.com,LIS-WDFT-May2021,Web Dev,2021-07-30,Hired,2021-08-02,36,35,9,7,0,0
46011,Felipe de Ávila Granja,felipe.avila.granja@gmail.com,LIS-DATAFT-May2021,Data Analytics,2021-07-30,Hired,2021-08-02,111,110,15,12,0,2
45842,Mário Sousa,vegetalizado@gmail.com,LIS-WDFT-Mar2021,Web Dev,2021-05-21,Not Seeking,2021-06-22,19,12,6,2,0,0
45758,joao Pedro Guerra,joao.pedro.guerra@hotmail.com,LIS-WDFT-Mar2021,Web Dev,2021-05-21,Hired,2021-05-25,14,8,3,1,0,1
45726,Dhiren Brahmbhatt,dhiren.b94@gmail.com,LIS-WDFT-Mar2021,Web Dev,2021-05-21,Hired,2021-05-25,9,2,1,1,0,0
45724,Oliver Corbisiero,oliver.corbisiero@gmail.com,LIS-DATAFT-Mar2021,Data Analytics,2021-05-21,Hired,2021-05-25,42,17,12,2,0,1
45703,Patricia Ferreira Da Rocha,patriciaferreirarocha25@gmail.com,LIS-WDFT-Mar2021,Web Dev,2021-05-21,Hired,2021-05-24,76,76,18,16,0,1
45699,Faten Kanaan,kanaanfaten@gmail.com,LIS-UXUIFT-Mar2021,UXUI,2021-05-21,Not Seeking,2021-05-24,0,0,0,0,0,0
45582,Pedro Morgado,p.morgado85@gmail.com,LIS-WDPT-Oct2020,Web Dev,2021-05-08,Hired,2021-05-18,21,11,0,0,0,0
45529,Sebastian Linares,sebastianajlds@gmail.com,LIS-DATAPT-Oct2020,Data Analytics,2021-05-08,Not Seeking,2021-05-13,65,58,15,13,0,0
45523,Elena  Salgueiro,elesalgueiro@gmail.com,LIS-DATAFT-Mar2021,Data Analytics,2021-05-21,Hired,2021-05-13,15,15,1,1,0,1
45517,Marta Bescansa,bescansamarta@gmail.com,LIS-DATAFT-Mar2021,Data Analytics,2021-05-21,Hired,2021-05-13,17,16,6,0,0,1
45513,Paula Reis,paularenata.reis@hotmail.com,LIS-UXUIFT-Mar2021,UXUI,2021-05-21,Hired,2021-05-13,56,54,3,0,0,1
45512,pedro santos,pedrosotnas@gmail.com,LIS-WDFT-Mar2021,Web Dev,2021-05-21,Not Seeking,2021-05-13,54,53,7,2,0,0
45507,Jamal Nasser,nasserr.jamal@gmail.com,LIS-WDFT-Mar2021,Web Dev,2021-05-21,Hired,2021-05-13,20,19,6,0,0,1
45506,Artur Neto,artur.m.neto@gmail.com,LIS-WDFT-Mar2021,Web Dev,2021-05-21,Not Seeking,2021-05-13,92,69,15,10,0,0
45499,sandra geovany,sandra.geovany@gmail.com,LIS-WDFT-Mar2021,Web Dev,2021-05-21,Not Seeking,2021-05-13,15,8,0,0,0,0
45497,Nicolò Paolo  Ferrari,nicolopaolo-ferrari@outlook.it,LIS-DATAFT-Mar2021,Data Analytics,2021-05-21,Hired,2021-05-13,6,5,4,0,0,0
45494,Luís Mártires,luis.martires@outlook.pt,LIS-WDFT-Mar2021,Web Dev,2021-05-21,Hired,2021-05-13,56,56,20,14,2,1
45493,Dahlia Elbanhawy,daliaelbanhawy@gmail.com,LIS-WDFT-Mar2021,Web Dev,2021-05-21,Not Seeking,2021-05-13,33,18,1,1,0,0
45492,Rita Antunes,ritaantuness97@gmail.com,LIS-UXUIFT-Mar2021,UXUI,2021-05-21,Hired,2021-05-13,22,5,0,0,0,1
45488,Ragnhild Sofie Husby,ragnhild.sofie.husby@gmail.com,LIS-UXUIFT-Mar2021,UXUI,2021-05-21,Hired,2021-05-13,48,14,6,0,0,0
45487,Matilde Silveira,tila_silveira@hotmail.com,LIS-UXUIFT-Mar2021,UXUI,2021-05-21,Not Seeking,2021-05-13,11,0,0,0,0,0
45484,David Morazzo,morazzo23@gmail.com,LIS-DATAPT-Oct2020,Data Analytics,2021-05-08,Not Seeking,2021-05-11,31,20,0,0,0,0
45483,Pedro Ferreira,pedro.ferreira.2007@hotmail.com,LIS-DATAPT-Oct2020,Data Analytics,2021-05-08,Hired,2021-05-11,9,6,4,3,0,1
45482,Eduardo Rebelo,eduarebelo20@gmail.com,LIS-DATAPT-Oct2020,Data Analytics,2021-05-08,Not Seeking,2021-05-11,5,0,0,0,0,0
45480,João Duarte,joao.quiaios.duarte@gmail.com,LIS-WDPT-Oct2020,Web Dev,2021-05-08,Not Seeking,2021-05-10,7,0,0,0,0,0
45479,Filipe Costa,filipe.mariz.89@gmail.com,LIS-DATAPT-Oct2020,Data Analytics,2021-05-08,Passively Seeking,2021-05-10,24,17,5,0,0,0
45478,Lourenço Horta,lourencokramerhorta@gmail.com,LIS-WDPT-Oct2020,Web Dev,2021-05-08,Hired,2021-05-10,9,9,5,0,0,1
45477,Catarina Bombaça,catarinaipbombaca@gmail.com,LIS-WDPT-Oct2020,Web Dev,2021-05-08,Hired,2021-05-10,23,12,11,10,2,1
45476,Bruno Pais,bpais@outlook.pt,LIS-PTFEB-WEB,Web Dev,2020-07-31,Hired,2021-05-10,43,35,8,3,0,1
45117,Diogo Mesquita,mrdiogo47@gmail.com,LIS-DATAFTJan2021,Data Analytics,2021-03-12,Hired,2021-03-16,22,11,1,0,0,0
45028,Tomás Marques,tomas.r.marques@gmail.com,LIS-DATAFTJan2021,Data Analytics,2021-03-12,Hired,2021-03-15,25,19,7,0,0,1
45027,João Gaspar,joaopgaspar98@gmail.com,LIS-WDFTJan2021,Web Dev,2021-03-12,Hired,2021-03-15,23,15,12,5,0,1
45026,Laura Santos,alsr16p@gmail.com,LIS-WDFTJan2021,Web Dev,2021-03-12,Hired,2021-03-15,103,95,24,13,0,1
45025,Guilherme Vieira,gvieira.assuntos@outlook.pt,LIS-WDFTJan2021,Web Dev,2021-03-12,Hired,2021-03-15,10,0,0,0,0,0
45024,Vanderlei Ignacio Martins,vanderlei.i.martins@outlook.com,LIS-WDFTJan2021,Web Dev,2021-03-12,Hired,2021-03-15,42,31,13,6,0,1
45022,Euclides Gomes,euclidesgomes@gmail.com,LIS-DATAFTJan2021,Data Analytics,2021-03-12,Hired,2021-03-15,19,11,18,18,0,1
45021,Miguel Ribeiro,miguel_ribeir97@hotmail.com,LIS-DATAFTJan2021,Data Analytics,2021-03-12,Hired,2021-03-15,30,22,6,5,0,1
45020,Andrea Nichil,andrea.nichil@gmail.com,LIS-DATAFTJan2021,Data Analytics,2021-03-12,Hired,2021-03-15,71,60,12,0,0,1
44695,Pedro Machado,macpedrot@gmail.com,LIS-WDFT06,Web Dev,2020-08-31,Hired,2021-01-26,20,14,10,6,0,1
44669,Ashley Thompson,ashleythompsonbca@gmail.com,LIS-UXFT10,UXUI,2020-12-11,Hired,2021-01-21,29,19,7,4,0,1
44630,Liliana Sampaio,lilianamsampaio@gmail.com,LIS-UXFT10,UXUI,2020-12-11,Hired,2021-01-18,28,25,6,0,0,1
44607,Lera Nabokina,leralexnab@hotmail.co.uk,LIS-UXFT10,UXUI,2020-12-11,Hired,2021-01-14,15,9,5,3,0,1
44489,Kassandra Ingalls,kassing10@gmail.com,LIS-UXFT10,UXUI,2020-12-11,Hired,2021-01-11,69,37,7,4,0,1
44487,Grace Transue,gmooney.imeson560@gmail.com,LIS-UXFT10,UXUI,2020-12-11,Hired,2021-01-11,10,3,3,0,0,1
44485,Rita Carvalho,ritamrcarvalho@gmail.com,LIS-UXFT10,UXUI,2020-12-11,Hired,2021-01-11,8,2,1,0,0,1
44483,Mariana Guapo,miaguapo@gmail.com,LIS-UXFT10,UXUI,2020-12-11,Not Seeking,2021-01-11,13,1,2,0,0,0
44482,Ewelina Hulboj,ewelina.hulboj@gmail.com,LIS-UXFT10,UXUI,2020-12-11,Hired,2021-01-11,19,11,1,0,0,1
44481,Geovanna Estrada,geovannaestrada74@gmail.com,LIS-UXFT10,UXUI,2020-12-11,Hired,2021-01-11,14,14,2,2,0,1
44480,Juliana Felippe,jfelippe23@gmail.com,LIS-UXFT10,UXUI,2020-12-11,Hired,2021-01-11,23,15,6,2,0,1
44479,Camila Ribeiro do Rego,camilarire@gmail.com,LIS-UXFT10,UXUI,2020-12-11,Hired,2021-01-11,129,124,9,0,0,1
44478,Akemi Morishita Gagliardi,akemimgagliardi@gmail.com,LIS-UXFT10,UXUI,2020-12-11,Hired,2021-01-11,119,119,1,1,0,1
44477,Chris Patterson,patte1cs@gmail.com,LIS-UXFT10,UXUI,2020-12-11,Hired,2021-01-11,43,30,29,0,0,1
44476,Petra Kuehnle,petra.kuehnle@gmail.com,LIS-UXFT10,UXUI,2020-12-11,Hired,2021-01-11,25,15,10,7,0,1
44475,Vanda Cristina dos Santos Marques,vandacsvm@gmail.com,LIS-UXFT10,UXUI,2020-12-11,Not Seeking,2021-01-11,143,122,28,21,0,0
44474,Tomás Aragão,tomasadmota@gmail.com,LIS-UXFT10,UXUI,2020-12-11,Hired,2021-01-11,6,5,2,1,0,1
44324,Ana Jerónimo,anac_jeronimo@hotmail.com,LIS-WDFT10,Web Dev,2020-12-11,Hired,2020-12-21,45,40,4,0,0,1
44246,Adão  Dias Coelho ,adaodcoelho@gmail.com,LIS-WDFT10,Web Dev,2020-12-11,Hired,2020-12-14,23,15,2,3,0,1
44245,Bernardo de Melo,bernardodmelo@gmail.com,LIS-WDFT10,Web Dev,2020-12-11,Hired,2020-12-14,80,77,20,3,0,1
44243,Diogo Gonçalves,diogomaiog@gmail.com,LIS-DAFT10,Data Analytics,2020-12-11,Hired,2020-12-14,40,26,18,8,1,1
44242,Francesco Kalaydjian-Serraino,fserraino07@gmail.com,LIS-DAFT10,Data Analytics,2020-12-11,Hired,2020-12-14,60,60,6,1,0,1
44241,Alicia Lopez,alicia.hl87@gmail.com,LIS-WDFT10,Web Dev,2020-12-11,Hired,2020-12-14,34,29,14,9,1,1
44240,Zoe Fleischer,zoe.z.fleischer@gmail.com,LIS-DAFT10,Data Analytics,2020-12-11,Hired,2020-12-14,69,55,6,3,0,1
44239,Denis Esteves,estevesprieto@gmail.com,LIS-DAFT10,Data Analytics,2020-12-11,Hired,2020-12-14,63,63,0,0,0,1
44238,Cinthya Blois,cinthyalblois@gmail.com,LIS-DAFT10,Data Analytics,2020-12-11,Hired,2020-12-14,6,6,4,4,1,1
44237,Marisa Fernandes,marisaasfernandes@gmail.com,LIS-DAFT10,Data Analytics,2020-12-11,Hired,2020-12-14,180,139,26,16,0,1
44232,Ivana Zdravkovic,evepera@yahoo.com,LIS-DAFT10,Data Analytics,2020-12-11,Hired,2020-12-14,374,367,14,7,0,1
44233,Francisco Pedro,franciscoafrapedro@gmail.com,LIS-DAFT10,Data Analytics,2020-12-11,Not Seeking,2020-12-14,1,0,0,0,0,0
44234,Frederico Raposo,fredericodomrap@gmail.com,LIS-DAFT10,Data Analytics,2020-12-11,Hired,2020-12-14,9,2,0,0,0,1
44235,Ana Rita Cavalheiro,anarita.cavalheiro@hotmail.com,LIS-WDFT10,Web Dev,2020-12-11,Not Seeking,2020-12-14,5,0,0,0,0,0
44236,ivan picavet,picavet.ivan@gmail.com,LIS-DAFT10,Data Analytics,2020-12-11,Hired,2020-12-14,50,37,8,4,0,1
44231,Ulrich Glass,ulrichglass@gmail.com,LIS-DAFT10,Data Analytics,2020-12-11,Hired,2020-12-14,75,71,7,5,1,1
44229,Ricardo Silva,silva_slb96@hotmail.com,LIS-DAFT10,Data Analytics,2020-12-11,Not Seeking,2020-12-14,0,0,0,0,0,0
44228,Ana Jerónimo,anac_jeronimo@gotmail.com,LIS-WDFT10,Web Dev,2020-12-11,Hired,2020-12-14,9,1,0,0,0,1
44227,Miguel Tomé,nokindj@gmail.com,LIS-WDFT10,Web Dev,2020-12-11,Hired,2020-12-14,81,78,12,1,0,1
44226,Diogo Pascoal,dmtpascoal@gmail.com,LIS-WDFT10,Web Dev,2020-12-11,Hired,2020-12-14,40,5,22,21,0,1
44224,Francisco Martins,fmaraposo@gmail.com,LIS-WDFT10,Web Dev,2020-12-11,Hired,2020-12-14,101,100,22,21,1,1
44225,Mafalda Nogueira,mafaldanogueiraapm@hotmail.com,LIS-WDFT10,Web Dev,2020-12-11,Hired,2020-12-14,21,15,5,0,0,1
44223,Salomé CHARPIGNON,salome.charpignon@gmail.com,LIS-WDFT10,Web Dev,2020-12-11,Hired,2020-12-14,40,34,2,2,0,1
44221,João Uva,joaouva@gmail.com,LIS-WDFT10,Web Dev,2020-12-11,Hired,2020-12-14,158,138,12,8,0,1
44222,Goncalo Marques,goncalomarques9@hotmail.com,LIS-WDFT10,Web Dev,2020-12-11,Hired,2020-12-14,18,10,0,0,0,1
43905,Yuri Jaen,yurimarkjaen@gmail.com ,LIS-PTFEB-WEB,Web Dev,2020-07-31,Not Seeking,2020-10-19,58,5,5,0,0,0
43677,Melissa Badrudin,melissabadrudin93@gmail.com,LIS-DAFT06,Data Analytics,2020-08-31,Hired,2020-09-20,24,21,3,3,0,1
43619,Filipe Morgado,filipesousamorgado@gmail.com,LIS-PTFEB-DATA,Data Analytics,2020-07-31,Not Seeking,2020-09-08,5,0,0,0,0,0
43618,Catarina Laranjeiro,ctlaranjeiro@gmail.com,LIS-PTFEB-WEB,Web Dev,2020-07-31,Hired,2020-09-08,59,52,28,22,1,1
43616,Diogo Sanches,diogosanches@live.com.pt,LIS-PTFEB-DATA,Data Analytics,2020-07-31,Hired,2020-09-08,14,3,0,1,0,1
43615,Rui Pereira,rui.miguel.pereira.rp@gmail.com,LIS-PTFEB-WEB,Web Dev,2020-07-31,Hired,2020-09-08,19,11,12,9,0,1
43614,Vitor O Lopes,lopesvitor959@gmail.com,LIS-PTFEB-WEB,Web Dev,2020-07-31,Passively Seeking,2020-09-08,5,0,0,0,0,0
43612,Matteo Verità,matteo.verita@outlook.com,LIS-PTFEB-DATA,Data Analytics,2020-07-31,Hired,2020-09-08,16,9,1,0,0,1
43611,Julia Carvalho,juliamendesc@gmail.com,LIS-PTFEB-WEB,Web Dev,2020-07-31,Not Seeking,2020-09-08,5,0,0,0,0,0
43609,Tyler Taboada,tjy5008@gmail.com,LIS-WDFT06,Web Dev,2020-08-31,Hired,2020-09-03,5,1,1,0,0,1
43607,Bruno Brolezzi,bbrolezzi@gmail.com,LIS-WDFT06,Web Dev,2020-08-31,Hired,2020-09-03,131,126,95,19,0,1
43603,André Xisto,asxisto@gmail.com,LIS-WDFT06,Web Dev,2020-08-31,Hired,2020-09-02,10,10,2,1,0,1
43599,Rafael Barbosa Bandeira De Mello,rbmello@icloud.com,LIS-DAFT06,Data Analytics,2020-08-31,Hired,2020-09-01,60,51,17,13,0,2
43598,Joan Concha,jrenato.concha@gmail.com,LIS-DAFT06,Data Analytics,2020-08-31,Hired,2020-09-01,32,22,13,6,0,1
43596,Celina Agostinho,cfm.agostinho@gmail.com,LIS-DAFT06,Data Analytics,2020-08-31,Passively Seeking,2020-09-01,77,62,5,7,0,0
43510,Diana Odiaka,dianaodiaka@outlook.com,LIS-WDFT06,Web Dev,2020-08-31,Not Seeking,2020-09-01,0,0,0,0,0,0
43504,Lúcia Duarte,analuciacfduarte@gmail.com,LIS-WDFT06,Web Dev,2020-08-31,Hired,2020-09-01,11,3,0,0,0,1
43503,João Quintela,joaoquintela0@gmail.com,LIS-DAFT06,Data Analytics,2020-08-31,Hired,2020-09-01,56,46,10,4,2,1
43502,Diogo Merces,diogocarlos853@gmail.com,LIS-DAFT06,Data Analytics,2020-08-31,Hired,2020-09-01,22,14,2,0,0,1
43501,Filipe Freire,filipefreire@protonmail.com,LIS-WDFT06,Web Dev,2020-08-31,Hired,2020-09-01,11,6,2,1,0,1
43500,João Inverno,j.inverno@gmail.com,LIS-DAFT06,Data Analytics,2020-08-31,Hired,2020-09-01,31,20,1,4,1,1
43499,Eloisa Seabra,seabra.eloisa@gmail.com,LIS-WDFT06,Web Dev,2020-08-31,Hired,2020-09-01,60,28,9,9,0,1
43497,Miguel Costa,miguelcosta1993@gmail.com,LIS-WDFT06,Web Dev,2020-08-31,Hired,2020-09-01,26,3,0,4,0,1
43496,Rodrigo Moura,rodrigojorgemoura@gmail.com,LIS-WDFT06,Web Dev,2020-08-31,Hired,2020-09-01,90,73,15,16,0,1
43495,Jorge Marques,jormarq1@hotmail.com,LIS-DAFT06,Data Analytics,2020-08-31,Hired,2020-09-01,40,22,12,12,2,1
42986,Artur Serra,artur.aserra@gmail.com,LIS-UXUIFT04,UXUI,2020-06-15,Hired,2020-06-18,24,11,0,0,0,1
42959,Vasco Matos,vascomato@gmail.com,LIS-WDFT04,Web Dev,2020-06-15,Hired,2020-06-09,21,5,0,3,0,1
42859,Ana Sofia Costa,anasofia.costa90@gmail.com,LIS-WDFT04,Web Dev,2020-06-15,Not Seeking,2020-05-31,101,74,26,28,0,0
42836,Ricardo Sacardo,rperezsacardo@gmail.com,LIS-WDFT04,Web Dev,2020-06-15,Hired,2020-05-28,140,54,7,14,1,1
42828,Cristiane Koshino,cristianekoshino@gmail.com,LIS-WDFT04,Web Dev,2020-06-15,Hired,2020-05-28,26,16,0,1,0,1
42827,Fábio Guerreiro,ffsguerreiro@hotmail.com,LIS-WDFT04,Web Dev,2020-06-15,Hired,2020-05-28,41,7,0,3,0,1
42823,Tiago Rodrigues,tiago77lx@gmail.com,LIS-UXUIFT04,UXUI,2020-06-15,Not Graduated,2020-05-27,22,0,0,0,0,0
42781,Rita Martins,mazedoodle@gmail.com,LIS-UXUIFT04,UXUI,2020-06-15,Hired,2020-05-27,39,9,1,3,0,1
42780,Antonio Santos,antopuppe@gmail.com,LIS-WDFT04,Web Dev,2020-06-15,Hired,2020-05-26,13,7,0,3,1,1
42779,rui melo,r_melo@netcabo.pt,LIS-UXUIFT04,UXUI,2020-06-15,Not Seeking,2020-05-26,16,11,3,0,0,0
42751,Karen Rogers,karen.rogersn@gmail.com,LIS-WDFT04,Web Dev,2020-06-15,Hired,2020-05-26,65,32,0,7,0,1
42750,Ricardo Loureiro,ricardo.costa_loureiro@hotmail.com,LIS-WDFT04,Web Dev,2020-06-15,Not Seeking,2020-05-26,29,1,0,0,0,0
42749,Patrícia Maya,patmmaya@gmail.com,LIS-UXUIFT04,UXUI,2020-06-15,Hired,2020-05-26,28,4,0,0,0,1
42747,Amanda Norell,amandolino1994@hotmail.com,LIS-UXUIFT04,UXUI,2020-06-15,Hired,2020-05-26,139,46,10,2,1,1
42745,Michael Gaeta,michaeljgaeta@gmail.com,LIS-WDFT04,Web Dev,2020-06-15,Hired,2020-05-26,42,24,0,8,2,1
42744,Susanne Aubert,susanneaubert@gmail.com,LIS-UXUIFT04,UXUI,2020-06-15,Hired,2020-05-26,119,74,6,4,0,1
42743,Laissa  Moura Ferreira,laissamf@gmail.com,LIS-UXUIFT04,UXUI,2020-06-15,Hired,2020-05-26,67,12,1,15,0,1
42741,Cesar Mello,cesarpcj@hotmail.com,LIS-WDFT04,Web Dev,2020-06-15,Hired,2020-05-26,66,48,2,11,0,1
42740,Lucas Saldanha,lucassal16@gmail.com,LIS-UXUIFT04,UXUI,2020-06-15,Hired,2020-05-26,129,77,0,1,0,1
42735,Ana Isabel de Almeida,ana.isabel190@gmail.com,LIS-WDFT04,Web Dev,2020-06-15,Hired,2020-05-26,33,17,0,9,2,1